{"cameraMode":{"drawMode":0,"name":"Shaded","section":"Shading Mode"},"sceneLighting":false,"audioPlay":false,"sceneViewState":{"showFog":true,"showMaterialUpdate":false,"showSkybox":true,"showFlares":true,"showImageEffects":true,"showParticleSystems":true},"in2DMode":false,"pivot":{"x":-1.373478651046753,"y":2.1168432235717775,"z":-8.034292221069336},"rotation":{"x":-0.5920051336288452,"y":-0.13208353519439698,"z":0.09912648051977158,"w":-0.7888332605361939},"size":1.5135891437530518,"orthographic":false}