{"cameraMode":{"drawMode":0,"name":"Shaded","section":"Shading Mode"},"sceneLighting":false,"audioPlay":false,"sceneViewState":{"showFog":true,"showMaterialUpdate":false,"showSkybox":true,"showFlares":true,"showImageEffects":true,"showParticleSystems":true},"in2DMode":false,"pivot":{"x":0.8631219863891602,"y":0.8133076429367065,"z":-7.9272027015686039},"rotation":{"x":-0.11460289359092713,"y":0.6757635474205017,"z":-0.10753615945577622,"w":-0.7201706767082214},"size":2.7675540447235109,"orthographic":false}