{"cameraMode":{"drawMode":0,"name":"Shaded","section":"Shading Mode"},"sceneLighting":true,"audioPlay":false,"sceneViewState":{"showFog":true,"showMaterialUpdate":false,"showSkybox":true,"showFlares":true,"showImageEffects":true,"showParticleSystems":true},"in2DMode":false,"pivot":{"x":50.6119270324707,"y":21.575817108154298,"z":21.819185256958009},"rotation":{"x":-0.11579495668411255,"y":-0.8568171262741089,"z":0.21952150762081147,"w":-0.4519582688808441},"size":70.08944702148438,"orthographic":false}