{"cameraMode":{"drawMode":0,"name":"Shaded","section":"Shading Mode"},"sceneLighting":false,"audioPlay":false,"sceneViewState":{"showFog":true,"showMaterialUpdate":false,"showSkybox":true,"showFlares":true,"showImageEffects":true,"showParticleSystems":true},"in2DMode":false,"pivot":{"x":-0.21624255180358888,"y":1.3749418258666993,"z":-0.18793094158172608},"rotation":{"x":0.08159806579351425,"y":0.7202045917510986,"z":-0.08597177267074585,"w":0.6835612058639526},"size":3.532240629196167,"orthographic":false}