{"cameraMode":{"drawMode":0,"name":"Shaded","section":"Shading Mode"},"sceneLighting":false,"audioPlay":false,"sceneViewState":{"showFog":true,"showMaterialUpdate":false,"showSkybox":true,"showFlares":true,"showImageEffects":true,"showParticleSystems":true},"in2DMode":false,"pivot":{"x":133.87725830078126,"y":187.66424560546876,"z":727.597900390625},"rotation":{"x":0.05060041695833206,"y":-0.051812805235385898,"z":-0.0026285462081432344,"w":-0.9973706603050232},"size":1371.57373046875,"orthographic":false}