{"cameraMode":{"drawMode":0,"name":"Shaded","section":"Shading Mode"},"sceneLighting":true,"audioPlay":false,"sceneViewState":{"showFog":true,"showMaterialUpdate":false,"showSkybox":true,"showFlares":true,"showImageEffects":true,"showParticleSystems":true},"in2DMode":false,"pivot":{"x":159.53512573242188,"y":2.8557705879211427,"z":-3.2108089923858644},"rotation":{"x":-0.09055976569652558,"y":-0.9074094891548157,"z":0.32029303908348086,"w":-0.2565528452396393},"size":0.4975348711013794,"orthographic":false}