{"cameraMode":{"drawMode":0,"name":"Shaded","section":"Shading Mode"},"sceneLighting":true,"audioPlay":false,"sceneViewState":{"showFog":true,"showMaterialUpdate":false,"showSkybox":true,"showFlares":true,"showImageEffects":true,"showParticleSystems":true},"in2DMode":false,"pivot":{"x":161.22512817382813,"y":1.5236167907714844,"z":-0.6747412085533142},"rotation":{"x":-0.3114258944988251,"y":-0.6655069589614868,"z":0.36082613468170168,"w":-0.5743857622146606},"size":8.7872314453125,"orthographic":false}