{"cameraMode":{"drawMode":0,"name":"Shaded","section":"Shading Mode"},"sceneLighting":true,"audioPlay":false,"sceneViewState":{"showFog":true,"showMaterialUpdate":false,"showSkybox":true,"showFlares":true,"showImageEffects":true,"showParticleSystems":true},"in2DMode":false,"pivot":{"x":142.78309631347657,"y":-22.028902053833009,"z":59.50928497314453},"rotation":{"x":-0.17343641817569734,"y":-0.008130902424454689,"z":0.0014293125132098795,"w":-0.9848105311393738},"size":137.24319458007813,"orthographic":false}